source,code,player,date,event,level,round,opponent,score,points,file,row_id,in_dump_export,ref_id,ref_level,ref_event,link,duplicate_of_other_copy
pbp_copy_2015,CH12,Jan Choinski,2014-07-05,MercedesCup-ATPStuttgartQualifying,Tour qualifying,,David Estruch,6-3 6-3,122,pbp_matches_atp_qual_archive.csv,,,CH12:atp:2014/321/qs026:E243,Tour qualifying,Stuttgart,linked,True
pbp_copy_2015,CH12,Jan Choinski,2014-07-06,MercedesCup-ATPStuttgartQualifying,Tour qualifying,,Yann Marti,6-2 6-7(4) 6-2,184,pbp_matches_atp_qual_archive.csv,,,CH12:atp:2014/321/qs013:MG54,Tour qualifying,Stuttgart,linked,True
pbp_copy_2015,CH12,Jan Choinski,2014-09-16,ATPChallengerTour-Trnava,Challenger main draw,,Jan Mertl,6-1 6-0,72,pbp_matches_ch_main_archive.csv,,,CH12:atp:2014/3628/ms022:MA38,Challenger main draw,Trnava,linked,True
pbp_copy_2015,CH12,Jan Choinski,2014-08-16,ITFTour-GermanyF12,ITF main draw,,Johannes Haerteis,7-6(5) 6-0,143,pbp_matches_fu_main_archive.csv,,,CH12:atp:2014/232/ms003:HB31,ITF main draw,Germany F12,linked,True
pbp_copy_2015,CH12,Jan Choinski,2014-08-17,ITFTour-GermanyF12,ITF main draw,,Yannick Hanfmann,7-5 6-1,114,pbp_matches_fu_main_archive.csv,,,CH12:atp:2014/232/ms001:H997,ITF main draw,Germany F12,linked,True
pbp_copy_2015,CH12,Jan Choinski,2014-08-23,ITFTour-BelgiumF12,ITF main draw,,Julien Cagnina,3-6 6-4 7-6(3),198,pbp_matches_fu_main_archive.csv,,,CH12:atp:2014/7111/ms001:CG32,ITF main draw,Belgium F12,linked,True
pbp_copy_2015,CH12,Jan Choinski,2014-10-08,ITFTour-GermanyF15,ITF main draw,,Pavel Nejedly,7-5 6-2,123,pbp_matches_fu_main_archive.csv,,,CH12:atp:2014/2139/ms018:N824,ITF main draw,Germany F15,linked,True
pbp_copy_2015,CH12,Jan Choinski,2014-10-09,ITFTour-GermanyF15,ITF main draw,,Peter Kobelt,4-6 6-2 7-6(6),224,pbp_matches_fu_main_archive.csv,,,CH12:atp:2014/2139/ms009:KC51,ITF main draw,Germany F15,linked,True
pbp_copy_2015,CH12,Jan Choinski,2014-10-15,ITFTour-GermanyF16,ITF main draw,,Matthias Wunner,6-4 6-2,118,pbp_matches_fu_main_archive.csv,,,CH12:atp:2014/2140/ms022:W655,ITF main draw,Germany F16,linked,True
pbp_copy_2015,CH12,Jan Choinski,2014-11-19,ITFTour-TurkeyF41,ITF main draw,,Tallon Griekspoor,6-3 6-4,113,pbp_matches_fu_main_archive.csv,,,CH12:atp:2014/6676/ms021:GJ37,ITF main draw,Turkey F41,linked,True
pbp_copy_2015,CH12,Jan Choinski,2014-11-21,ITFTour-TurkeyF41,ITF main draw,,Altug Celikbilek,6-2 1-6 6-4,176,pbp_matches_fu_main_archive.csv,,,CH12:atp:2014/6676/ms005:CH05,ITF main draw,Turkey F41,linked,True
pbp_copy_2015,CH12,Jan Choinski,2014-11-26,ITFTour-TurkeyF42,ITF main draw,,Tucker Vorster,6-1 6-1,75,pbp_matches_fu_main_archive.csv,,,CH12:atp:2014/6677/ms000:V600,ITF main draw,Turkey F42,linked,True
pbp_copy_2015,CH12,Jan Choinski,2015-01-06,ITFTour-GermanyF1,ITF main draw,,Daniel Altmaier,7-5 7-6(3),166,pbp_matches_fu_main_current.csv,,,CH12:atp:2015/114/ms000:AE14,ITF main draw,Germany F1,linked,True
pbp_copy_2015,CH12,Jan Choinski,2015-01-08,ITFTour-GermanyF1,ITF main draw,,Uladzimir Ignatik,4-6 6-4 6-4,170,pbp_matches_fu_main_current.csv,,,CH12:atp:2015/114/ms000:I236,ITF main draw,Germany F1,linked,True
pbp_copy_2015,CH12,Jan Choinski,2015-01-28,ITFTour-TurkeyF4,ITF main draw,,Nikola Milojevic,6-2 6-0,83,pbp_matches_fu_main_current.csv,,,CH12:atp:2015/3477/ms000:MM66,ITF main draw,Turkey F4,linked,True
pbp_copy_2015,CH12,Jan Choinski,2015-03-02,ITFTour-FranceF4,ITF main draw,,Yannick Mertens,6-2 6-1,101,pbp_matches_fu_main_current.csv,,,CH12:atp:2015/265/ms031:MG08,ITF main draw,France F4,linked,True
pbp_copy_2015,CH12,Jan Choinski,2015-03-26,ITFTour-GreatBritainF5,ITF main draw,,Tom Farquharson,6-1 3-6 6-3,172,pbp_matches_fu_main_current.csv,,,CH12:atp:2015/522/ms007:F751,ITF main draw,Great Britain F5,linked,True
pbp_copy_2015,CH12,Jan Choinski,2013-07-01,ITFTour-GermanyF8Qualifying,ITF qualifying,,Felix Van Kann,6-2 3-6 6-3,174,pbp_matches_fu_qual_archive.csv,,,,,,not on the official record,False
pbp_copy_2018,CH12,Jan Choinski,2014-07-05,MercedesCup-ATPStuttgartQualifying,Tour qualifying,,David Estruch,6-3 6-3,122,pbp_matches_atp_qual_archive.csv,6236663,,CH12:atp:2014/321/qs026:E243,Tour qualifying,Stuttgart,linked,False
pbp_copy_2018,CH12,Jan Choinski,2014-07-06,MercedesCup-ATPStuttgartQualifying,Tour qualifying,,Yann Marti,6-2 6-7(4) 6-2,184,pbp_matches_atp_qual_archive.csv,6241069,,CH12:atp:2014/321/qs013:MG54,Tour qualifying,Stuttgart,linked,False
pbp_copy_2018,CH12,Jan Choinski,2015-04-25,BMWOpen-ATPMunichQualifying,Tour qualifying,,Daniel Brands,7-6(3) 6-3,132,pbp_matches_atp_qual_archive.csv,7525883,,CH12:atp:2015/308/qs025:BC72,Tour qualifying,Munich,linked,False
pbp_copy_2018,CH12,Jan Choinski,2015-06-07,MercedesCup-ATPStuttgartQualifying,Tour qualifying,,Michael Berrer,6-1 7-6(2),117,pbp_matches_atp_qual_archive.csv,7719527,,CH12:atp:2015/321/qs011:B678,Tour qualifying,Stuttgart,linked,False
pbp_copy_2018,CH12,Jan Choinski,2014-09-16,ATPChallengerTour-Trnava,Challenger main draw,,Jan Mertl,6-1 6-0,72,pbp_matches_ch_main_archive.csv,6552864,,CH12:atp:2014/3628/ms022:MA38,Challenger main draw,Trnava,linked,False
pbp_copy_2018,CH12,Jan Choinski,2015-05-11,ATPChallengerTour-HeilbronnII,Challenger main draw,,Marius Copil,7-6(6) 7-5,154,pbp_matches_ch_main_archive.csv,7597529,,CH12:atp:2015/460/ms018:CA99,Challenger main draw,Heilbronn,linked,False
pbp_copy_2018,CH12,Jan Choinski,2015-06-30,ATPChallengerTour-Marburg,Challenger main draw,,Inigo Cervantes Huegun,6-3 6-4,102,pbp_matches_ch_main_archive.csv,7819485,,CH12:atp:2015/6156/ms023:CA33,Challenger main draw,Marburg,linked,False
pbp_copy_2018,CH12,Jan Choinski,2017-01-17,ATPChallengerTour-Koblenz,Challenger main draw,,Daniel Brands,6-3 7-5,124,pbp_matches_ch_main_current.csv,10506027,,CH12:atp:2017/7652/ms025:BC72,Challenger main draw,Koblenz,linked,False
pbp_copy_2018,CH12,Jan Choinski,2015-05-31,ATPChallengerTour-FurthQualifying,Challenger qualifying,,Janis Podzus,6-2 6-0,76,pbp_matches_ch_qual_archive.csv,7690991,,CH12:atp:2015/396/qs018:PG10,Challenger qualifying,Furth,linked,False
pbp_copy_2018,CH12,Jan Choinski,2015-05-31,ATPChallengerTour-FurthQualifying,Challenger qualifying,,Jonathan Eysseric,6-3 6-1,109,pbp_matches_ch_qual_archive.csv,7691689,,CH12:atp:2015/396/qs009:E678,Challenger qualifying,Furth,linked,False
pbp_copy_2018,CH12,Jan Choinski,2014-08-12,ITFTour-GermanyF12,ITF main draw,,Teri Groll,6-4 6-1,126,pbp_matches_fu_main_archive.csv,6397615,,CH12:atp:2014/232/ms026:GC03,ITF main draw,Germany F12,linked,False
pbp_copy_2018,CH12,Jan Choinski,2014-08-16,ITFTour-GermanyF12,ITF main draw,,Johannes Haerteis,7-6(5) 6-0,143,pbp_matches_fu_main_archive.csv,6416203,,CH12:atp:2014/232/ms003:HB31,ITF main draw,Germany F12,linked,False
pbp_copy_2018,CH12,Jan Choinski,2014-08-17,ITFTour-GermanyF12,ITF main draw,,Yannick Hanfmann,7-5 6-1,114,pbp_matches_fu_main_archive.csv,6420323,,CH12:atp:2014/232/ms001:H997,ITF main draw,Germany F12,linked,False
pbp_copy_2018,CH12,Jan Choinski,2014-08-23,ITFTour-BelgiumF12,ITF main draw,,Julien Cagnina,3-6 6-4 7-6(3),198,pbp_matches_fu_main_archive.csv,6447049,,CH12:atp:2014/7111/ms001:CG32,ITF main draw,Belgium F12,linked,False
pbp_copy_2018,CH12,Jan Choinski,2014-10-08,ITFTour-GermanyF15,ITF main draw,,Pavel Nejedly,7-5 6-2,123,pbp_matches_fu_main_archive.csv,6652477,,CH12:atp:2014/2139/ms018:N824,ITF main draw,Germany F15,linked,False
pbp_copy_2018,CH12,Jan Choinski,2014-10-09,ITFTour-GermanyF15,ITF main draw,,Peter Kobelt,4-6 6-2 7-6(6),224,pbp_matches_fu_main_archive.csv,6657316,,CH12:atp:2014/2139/ms009:KC51,ITF main draw,Germany F15,linked,False
pbp_copy_2018,CH12,Jan Choinski,2014-10-15,ITFTour-GermanyF16,ITF main draw,,Matthias Wunner,6-4 6-2,118,pbp_matches_fu_main_archive.csv,6686194,,CH12:atp:2014/2140/ms022:W655,ITF main draw,Germany F16,linked,False
pbp_copy_2018,CH12,Jan Choinski,2014-11-19,ITFTour-TurkeyF41,ITF main draw,,Tallon Griekspoor,6-3 6-4,113,pbp_matches_fu_main_archive.csv,6841203,,CH12:atp:2014/6676/ms021:GJ37,ITF main draw,Turkey F41,linked,False
pbp_copy_2018,CH12,Jan Choinski,2014-11-21,ITFTour-TurkeyF41,ITF main draw,,Altug Celikbilek,6-2 1-6 6-4,176,pbp_matches_fu_main_archive.csv,6850557,,CH12:atp:2014/6676/ms005:CH05,ITF main draw,Turkey F41,linked,False
pbp_copy_2018,CH12,Jan Choinski,2014-11-26,ITFTour-TurkeyF42,ITF main draw,,Tucker Vorster,6-1 6-1,75,pbp_matches_fu_main_archive.csv,6867937,,CH12:atp:2014/6677/ms000:V600,ITF main draw,Turkey F42,linked,False
pbp_copy_2018,CH12,Jan Choinski,2015-01-06,ITFTour-GermanyF1,ITF main draw,,Daniel Altmaier,7-5 7-6(3),166,pbp_matches_fu_main_archive.csv,7042964,,CH12:atp:2015/114/ms000:AE14,ITF main draw,Germany F1,linked,False
pbp_copy_2018,CH12,Jan Choinski,2015-01-08,ITFTour-GermanyF1,ITF main draw,,Uladzimir Ignatik,4-6 6-4 6-4,170,pbp_matches_fu_main_archive.csv,7051359,,CH12:atp:2015/114/ms000:I236,ITF main draw,Germany F1,linked,False
pbp_copy_2018,CH12,Jan Choinski,2015-01-14,ITFTour-GermanyF2,ITF main draw,,Pirmin Haenle,4-6 6-4 7-6(5),239,pbp_matches_fu_main_archive.csv,7077145,,CH12:atp:2015/120/ms000:H844,ITF main draw,Germany F2,linked,False
pbp_copy_2018,CH12,Jan Choinski,2015-01-28,ITFTour-TurkeyF4,ITF main draw,,Nikola Milojevic,6-2 6-0,83,pbp_matches_fu_main_archive.csv,7129859,,CH12:atp:2015/3477/ms000:MM66,ITF main draw,Turkey F4,linked,False
pbp_copy_2018,CH12,Jan Choinski,2015-02-03,ITFTour-TurkeyF5,ITF main draw,,Ruan Roelofse,7-5 7-5,151,pbp_matches_fu_main_archive.csv,7160012,,CH12:atp:2015/3625/ms000:RA24,ITF main draw,Turkey F5,linked,False
pbp_copy_2018,CH12,Jan Choinski,2015-03-02,ITFTour-FranceF4,ITF main draw,,Yannick Mertens,6-2 6-1,101,pbp_matches_fu_main_archive.csv,7282705,,CH12:atp:2015/265/ms031:MG08,ITF main draw,France F4,linked,False
pbp_copy_2018,CH12,Jan Choinski,2015-03-26,ITFTour-GreatBritainF5,ITF main draw,,Tom Farquharson,6-1 3-6 6-3,172,pbp_matches_fu_main_archive.csv,7390434,,CH12:atp:2015/522/ms007:F751,ITF main draw,Great Britain F5,linked,False
pbp_copy_2018,CH12,Jan Choinski,2015-03-27,ITFTour-GreatBritainF5,ITF main draw,,Daniel Cox,6-1 7-6(4),125,pbp_matches_fu_main_archive.csv,7394807,,CH12:atp:2015/522/ms003:CB14,ITF main draw,Great Britain F5,linked,False
pbp_copy_2018,CH12,Jan Choinski,2015-05-22,ITFTour-CzechRepublicF2,ITF main draw,,Marek Michalicka,6-4 6-7(1) 6-3,229,pbp_matches_fu_main_archive.csv,7648835,,CH12:atp:2015/829/ms005:MF78,ITF main draw,Czech Republic F3,linked,False
pbp_copy_2018,CH12,Jan Choinski,2015-05-30,ITFTour-CzechRepublicF3,ITF main draw,,Adrian Sikora,6-3 7-6(3),158,pbp_matches_fu_main_archive.csv,7683785,,CH12:atp:2015/829/ms002:SE78,ITF main draw,Czech Republic F3,linked,False
pbp_copy_2018,CH12,Jan Choinski,2015-06-25,ITFTour-BelgiumF3,ITF main draw,,Marvin Netuschil,6-4 6-4,132,pbp_matches_fu_main_archive.csv,7801555,,CH12:atp:2015/4066/ms004:N661,ITF main draw,Belgium F3,linked,False
pbp_copy_2018,CH12,Jan Choinski,2015-06-17,ITFTour-NetherlandsF1,ITF main draw,,Mick Veldheer,6-0 6-4,101,pbp_matches_fu_main_archive.csv,7764812,,CH12:atp:2015/795/ms018:VA27,ITF main draw,Netherlands F1,linked,False
pbp_copy_2018,CH12,Jan Choinski,2015-07-15,ITFTour-GermanyF7,ITF main draw,,Bjoern Petersen,6-4 6-4,139,pbp_matches_fu_main_archive.csv,7891630,,CH12:atp:2015/572/ms025:PL54,ITF main draw,Germany F7,linked,False
pbp_copy_2018,CH12,Jan Choinski,2015-07-23,ITFTour-GermanyF8,ITF main draw,,George Von Massow,6-4 6-1,98,pbp_matches_fu_main_archive.csv,7930335,,CH12:atp:2015/551/ms004:V691,ITF main draw,Germany F8,linked,False
pbp_copy_2018,CH12,Jan Choinski,2015-08-06,ITFTour-GermanyF10,ITF main draw,,Vadim Alekseenko,6-3 6-1,108,pbp_matches_fu_main_archive.csv,7992944,,CH12:atp:2015/205/ms006:A725,ITF main draw,Germany F10,linked,False
pbp_copy_2018,CH12,Jan Choinski,2015-07-25,ITFTour-GermanyF8,ITF main draw,,Maximilian Neuchrist,6-7(5) 6-4 6-3,210,pbp_matches_fu_main_archive.csv,7937338,,CH12:atp:2015/551/ms001:N663,ITF main draw,Germany F8,linked,False
pbp_copy_2018,CH12,Jan Choinski,2015-08-13,ITFTour-BelgiumF10,ITF main draw,,Goncalo Oliveira,2-6 6-2 6-2,168,pbp_matches_fu_main_archive.csv,8026943,,CH12:atp:2015/6876/ms013:O482,ITF main draw,Belgium F10,linked,False
pbp_copy_2018,CH12,Jan Choinski,2015-08-07,ITFTour-GermanyF10,ITF main draw,,Juan Lizariturry,4-6 6-4 6-0,176,pbp_matches_fu_main_archive.csv,7997227,,CH12:atp:2015/205/ms003:L996,ITF main draw,Germany F10,linked,False
pbp_copy_2018,CH12,Jan Choinski,2015-08-08,ITFTour-GermanyF10,ITF main draw,,Hugo Dellien,6-3 6-3,113,pbp_matches_fu_main_archive.csv,8002220,,CH12:atp:2015/205/ms001:DA31,ITF main draw,Germany F10,linked,False
pbp_copy_2018,CH12,Jan Choinski,2015-08-19,ITFTour-NetherlandsF5,ITF main draw,,Yannick Hanfmann,6-2 6-1,86,pbp_matches_fu_main_archive.csv,8057611,,CH12:atp:2015/1698/ms028:H997,ITF main draw,Netherlands F5,linked,False
pbp_copy_2018,CH12,Jan Choinski,2015-08-25,ITFTour-NetherlandsF6,ITF main draw,,Colin Van Beem,6-0 6-2,71,pbp_matches_fu_main_archive.csv,8086085,,CH12:atp:2015/6201/ms017:V750,ITF main draw,Netherlands F6,linked,False
pbp_copy_2018,CH12,Jan Choinski,2015-09-22,ITFTour-FranceF19,ITF main draw,,Rayane Roumane,3-6 6-1 6-0,133,pbp_matches_fu_main_archive.csv,8217224,,CH12:atp:2015/813/ms023:RH54,ITF main draw,France F19,linked,False
pbp_copy_2018,CH12,Jan Choinski,2015-09-25,ITFTour-FranceF19,ITF main draw,,Pablo Vivero Gonzalez,6-3 7-6(4),142,pbp_matches_fu_main_archive.csv,8232403,,CH12:atp:2015/813/ms005:V886,ITF main draw,France F19,linked,False
pbp_copy_2018,CH12,Jan Choinski,2015-09-26,ITFTour-FranceF19,ITF main draw,,Maxime Authom,2-6 6-4 6-4,152,pbp_matches_fu_main_archive.csv,8238398,,CH12:atp:2015/813/ms002:A789,ITF main draw,France F19,linked,False
pbp_copy_2018,CH12,Jan Choinski,2015-09-30,ITFTour-FranceF20,ITF main draw,,Till Wegner,6-4 6-2,103,pbp_matches_fu_main_archive.csv,8259062,,CH12:atp:2015/4085/ms013:WA94,ITF main draw,France F20,linked,False
pbp_copy_2018,CH12,Jan Choinski,2015-10-02,ITFTour-FranceF20,ITF main draw,,Lucas Catarina,6-2 6-0,103,pbp_matches_fu_main_archive.csv,8265371,,CH12:atp:2015/4085/ms006:CN78,ITF main draw,France F20,linked,False
pbp_copy_2018,CH12,Jan Choinski,2015-10-03,ITFTour-FranceF20,ITF main draw,,Hugo Grenier,6-2 6-3,116,pbp_matches_fu_main_archive.csv,8270260,,CH12:atp:2015/4085/ms003:GF95,ITF main draw,France F20,linked,False
pbp_copy_2018,CH12,Jan Choinski,2015-10-07,ITFTour-GermanyF15,ITF main draw,,Tim Sandkaulen,6-3 6-2,90,pbp_matches_fu_main_archive.csv,8288530,,CH12:atp:2015/2139/ms023:SU13,ITF main draw,Germany F15,linked,False
pbp_copy_2018,CH12,Jan Choinski,2015-10-08,ITFTour-GermanyF15,ITF main draw,,Johannes Haerteis,6-7(4) 6-1 6-2,186,pbp_matches_fu_main_archive.csv,8293275,,CH12:atp:2015/2139/ms011:HB31,ITF main draw,Germany F15,linked,False
pbp_copy_2018,CH12,Jan Choinski,2015-10-09,ITFTour-GermanyF15,ITF main draw,,Teri Groll,6-4 6-4,128,pbp_matches_fu_main_archive.csv,8298321,,CH12:atp:2015/2139/ms005:GC03,ITF main draw,Germany F15,linked,False
pbp_copy_2018,CH12,Jan Choinski,2015-10-11,ITFTour-GermanyF15,ITF main draw,,Mats Moraing,6-4 3-6 6-2,164,pbp_matches_fu_main_archive.csv,8307851,,CH12:atp:2015/2139/ms001:MJ71,ITF main draw,Germany F15,linked,False
pbp_copy_2018,CH12,Jan Choinski,2015-10-19,ITFTour-NorwayF1,ITF main draw,,Bartosz Wojnar,6-1 6-4,117,pbp_matches_fu_main_archive.csv,8348398,,CH12:atp:2015/7164/ms027:W642,ITF main draw,Norway F1,linked,False
pbp_copy_2018,CH12,Jan Choinski,2015-10-29,ITFTour-NorwayF2,ITF main draw,,Bjoern Petersen,4-6 6-4 6-2,159,pbp_matches_fu_main_archive.csv,8393149,,CH12:atp:2015/7188/ms006:PL54,ITF main draw,Norway F2,linked,False
pbp_copy_2018,CH12,Jan Choinski,2015-10-30,ITFTour-NorwayF2,ITF main draw,,Viktor Durasovic,6-1 7-5,116,pbp_matches_fu_main_archive.csv,8398163,,CH12:atp:2015/7188/ms003:DC76,ITF main draw,Norway F2,linked,False
pbp_copy_2018,CH12,Jan Choinski,2015-11-03,ITFTour-NorwayF3,ITF main draw,,Adrian Forberg Skogeng,6-2 6-2,123,pbp_matches_fu_main_archive.csv,8420039,,CH12:atp:2015/7432/ms027:F696,ITF main draw,Norway F3,linked,False
pbp_copy_2018,CH12,Jan Choinski,2015-11-04,ITFTour-NorwayF3,ITF main draw,,Jonathan Mridha,7-6(2) 6-4,153,pbp_matches_fu_main_archive.csv,8425127,,CH12:atp:2015/7432/ms013:MM78,ITF main draw,Norway F3,linked,False
pbp_copy_2018,H0A4,Nick Hardt,2015-12-01,ITFTour-DominicanRepublicF1,ITF main draw,,Jose Oscar Diaz,6-2 6-2,96,pbp_matches_fu_main_archive.csv,8545230,,H0A4:atp:2015/7197/ms017:DH11,ITF main draw,Dominican Republic F1,linked,False
pbp_copy_2018,H0A4,Nick Hardt,2015-12-03,ITFTour-DominicanRepublicF1,ITF main draw,,Peter Torebko,6-0 6-1,80,pbp_matches_fu_main_archive.csv,8558309,,H0A4:atp:2015/7197/ms004:T911,ITF main draw,Dominican Republic F1,linked,False
pbp_copy_2018,H0A4,Nick Hardt,2015-12-09,ITFTour-DominicanRepublicF2,ITF main draw,,Peter Torebko,6-4 7-6(2),156,pbp_matches_fu_main_archive.csv,8588012,,H0A4:atp:2015/7468/ms012:T911,ITF main draw,Dominican Republic F2,linked,False
pbp_copy_2018,H0A4,Nick Hardt,2015-12-14,ITFTour-DominicanRepublicF3,ITF main draw,,Raleigh Smith,6-2 6-2,110,pbp_matches_fu_main_archive.csv,8608174,,H0A4:atp:2015/7476/ms018:SP18,ITF main draw,Dominican Republic F3,linked,False
pbp_copy_2018,CH12,Jan Choinski,2017-01-11,ITFTour-GermanyF1,ITF main draw,,Pirmin Haenle,6-1 6-2,99,pbp_matches_fu_main_current.csv,10481042,,CH12:atp:2017/114/ms022:H844,ITF main draw,Germany F1,linked,False
pbp_copy_2018,CH12,Jan Choinski,2017-01-13,ITFTour-GermanyF1,ITF main draw,,Evgeny Karlovskiy,7-5 6-2,126,pbp_matches_fu_main_current.csv,10491068,,CH12:atp:2017/114/ms005:KD87,ITF main draw,Germany F1,linked,False
pbp_copy_2018,H09P,Brandon Holt,2017-01-11,ITFTour-USAF2,ITF main draw,,Luke Bambridge,6-1 6-4,120,pbp_matches_fu_main_current.csv,10476508,,H09P:atp:2017/579/ms017:BK05,ITF main draw,U.S.A. F2,linked,False
pbp_copy_2018,H09P,Brandon Holt,2017-01-13,ITFTour-USAF2,ITF main draw,,Tommy Paul,6-3 7-6(2),145,pbp_matches_fu_main_current.csv,10489242,,H09P:atp:2017/579/ms008:PL56,ITF main draw,U.S.A. F2,linked,False
pbp_copy_2018,CH12,Jan Choinski,2017-01-25,ITFTour-GermanyF3,ITF main draw,,Elmar Ejupovic,6-3 6-3,101,pbp_matches_fu_main_current.csv,10552347,,CH12:atp:2017/738/ms030:E811,ITF main draw,Germany F3,linked,False
pbp_copy_2018,CH12,Jan Choinski,2017-01-26,ITFTour-GermanyF3,ITF main draw,,Laurynas Grigelis,6-4 7-5,125,pbp_matches_fu_main_current.csv,10557133,,CH12:atp:2017/738/ms015:GA71,ITF main draw,Germany F3,linked,False
pbp_copy_2018,CH12,Jan Choinski,2017-01-27,ITFTour-GermanyF3,ITF main draw,,Alexey Vatutin,6-0 6-3,91,pbp_matches_fu_main_current.csv,10563724,,CH12:atp:2017/738/ms007:V717,ITF main draw,Germany F3,linked,False
tennis_abstract_chart,H0A4,Nick Hardt,2022-02-24,ITF Santo Domingo,,R16,Peter Bertran,,,meta.html,20220224-M-ITF_Santo_Domingo-R16-Peter_Bertran-Nick_Hardt,True,H0A4:atp:2022/7197/ms010:BP79,ITF main draw,M25 Santo Domingo,linked,False
tennis_abstract_chart,H09P,Brandon Holt,2022-08-29,US Open,,R128,Taylor Fritz,,,meta.html,20220829-M-US_Open-R128-Brandon_Holt-Taylor_Fritz,False,H09P:atp:2022/560/ms088:FB98,Tour main draw,US Open,linked,False
tennis_abstract_chart,H09P,Brandon Holt,2022-08-31,US Open,,R64,Pedro Cachin,,,meta.html,20220831-M-US_Open-R64-Pedro_Cachin-Brandon_Holt,True,H09P:atp:2022/560/ms044:CG04,Tour main draw,US Open,linked,False
tennis_abstract_chart,H0A4,Nick Hardt,2022-10-09,Alicante CH,,F,Lukas Klein,,,meta.html,20221009-M-Alicante_CH-F-Lukas_Klein-Nick_Hardt,False,H0A4:atp:2022/7909/ms001:KI63,Challenger main draw,Alicante,linked,False
tennis_abstract_chart,O0A2,Gauthier Onclin,2023-05-22,Roland Garros,,Q1,Nicholas David Ionel,,,meta.html,20230522-M-Roland_Garros-Q1-Gauthier_Onclin-Nicholas_David_Ionel,False,O0A2:atp:2023/520/qs098:I0A7,Tour qualifying,Roland Garros,linked,False
tennis_abstract_chart,CH12,Jan Choinski,2023-05-24,Roland Garros,,Q2,Sebastian Ofner,,,meta.html,20230524-M-Roland_Garros-Q2-Jan_Choinski-Sebastian_Ofner,False,CH12:atp:2023/520/qs058:O513,Tour qualifying,Roland Garros,linked,False
tennis_abstract_chart,CH12,Jan Choinski,2023-07-06,Wimbledon,,R64,Hubert Hurkacz,,,meta.html,20230706-M-Wimbledon-R64-Jan_Choinski-Hubert_Hurkacz,True,CH12:atp:2023/540/ms061:HB71,Tour main draw,Wimbledon,linked,False
tennis_abstract_chart,W09E,Adam Walton,2023-08-11,Cary CH,,QF,Rinky Hijikata,,,meta.html,20230811-M-Cary_CH-QF-Rinky_Hijikata-Adam_Walton,False,W09E:atp:2023/9560/ms007:H0BH,Challenger main draw,Cary 1,linked,False
tennis_abstract_chart,W09E,Adam Walton,2024-01-14,Australian Open,,R128,Matteo Arnaldi,,,meta.html,20240114-M-Australian_Open-R128-Matteo_Arnaldi-Adam_Walton,True,,,,not on the official record,False
tennis_abstract_chart,CH12,Jan Choinski,2024-04-04,Estoril,,R16,Hubert Hurkacz,,,meta.html,20240404-M-Estoril-R16-Hubert_Hurkacz-Jan_Choinski,True,CH12:atp:2024/7290/ms015:HB71,Tour main draw,Estoril,linked,False
tennis_abstract_chart,H0A4,Nick Hardt,2024-04-07,Barcelona CH,,F,Bernabe Zapata Miralles,,,meta.html,20240407-M-Barcelona_CH-F-Bernabe_Zapata_Miralles-Nick_Hardt,True,H0A4:atp:2024/9132/ms001:Z419,Challenger main draw,Barcelona,linked,False
tennis_abstract_chart,H0A4,Nick Hardt,2024-04-15,Barcelona,,R64,Martin Landaluce,,,meta.html,20240415-M-Barcelona-R64-Martin_Landaluce-Nick_Hardt,True,H0A4:atp:2024/425/ms061:L0IL,Tour main draw,Barcelona,linked,False
tennis_abstract_chart,S0GZ,Nikolas Sanchez Izquierdo,2025-03-10,Hersonissos CH,,R32,Stefanos Sakellaridis,,,meta.html,20250310-M-Hersonissos_CH-R32-Stefanos_Sakellaridis-Nikolas_Sanchez_Izquierdo,True,S0GZ:atp:2025/2985/ms022:S0KT,Challenger main draw,Hersonissos 2,linked,False
tennis_abstract_chart,W09E,Adam Walton,2025-06-17,Queens Club,,R32,Carlos Alcaraz,,,meta.html,20250617-M-Queens_Club-R32-Adam_Walton-Carlos_Alcaraz,True,W09E:atp:2025/311/ms016:A0E2,Tour main draw,London / Queen's Club,linked,False
tennis_abstract_chart,CH12,Jan Choinski,2025-11-03,Metz,,R32,Lorenzo Sonego,,,meta.html,20251103-M-Metz-R32-Jan_Choinski-Lorenzo_Sonego,True,CH12:atp:2025/341/ms021:SU87,Tour main draw,Metz,linked,False
tennis_abstract_chart,G0BY,Daniil Glinka,2025-11-16,Drummondville CH,,F,Duncan Chan,,,meta.html,20251116-M-Drummondville_CH-F-Duncan_Chan-Daniil_Glinka,False,G0BY:atp:2025/7235/ms001:C0OF,Challenger main draw,Drummondville,linked,False
tennis_abstract_chart,W09E,Adam Walton,2026-01-18,Australian Open,,R128,Carlos Alcaraz,,,meta.html,20260118-M-Australian_Open-R128-Carlos_Alcaraz-Adam_Walton,False,W09E:atp:2026/580/ms064:A0E2,Tour main draw,Australian Open,linked,False
tennis_abstract_chart,W09E,Adam Walton,2026-05-26,Roland Garros,,R128,Daniil Medvedev,,,meta.html,20260526-M-Roland_Garros-R128-Daniil_Medvedev-Adam_Walton,False,W09E:atp:2026/520/ms095:MM58,Tour main draw,Roland Garros,linked,False
